<?xml version="1.0"?>
<doc>
    <assembly>
        <name>KasaGE</name>
    </assembly>
    <members>
        <member name="T:KasaGE.Dp25">
            <summary>
            ECR Device DP25 Implementation (API)
            </summary>
        </member>
        <member name="M:KasaGE.Dp25.#ctor(System.String)">
            <summary>
            constructor
            </summary>
            <param name="portName"></param>
        </member>
        <member name="M:KasaGE.Dp25.Dispose">
            <summary>
            Performs application-defined tasks associated with freeing, releasing, or resetting unmanaged resources.
            </summary>
            <filterpriority>2</filterpriority>
        </member>
        <member name="M:KasaGE.Dp25.ChangePort(System.String)">
            <summary>
            Changes port name at runtime.
            </summary>
            <param name="portName">Name of the serial port.</param>
        </member>
        <member name="M:KasaGE.Dp25.ExecuteCustomCommand``1(KasaGE.Core.WrappedMessage)">
            <summary>
            Executes custom command implementation and returns predefined custom response.
            </summary>
            <typeparam name="T">Response Type. Must be a child of an abstract class FiscalResponse</typeparam>
            <param name="cmd">Command to execute. Must be a child of an abstract class WrappedMessage</param>
            <returns>T</returns>
        </member>
        <member name="M:KasaGE.Dp25.ReadStatus">
            <summary>
            Reads the status of the device.
            </summary>
            <returns>ReadStatusResponse</returns>
        </member>
        <member name="M:KasaGE.Dp25.FeedPaper(System.Int32)">
            <summary>
            Feeds blank paper.
            </summary>
            <param name="lines">1 to 99; default=1;</param>
            <returns>EmptyFiscalResponse</returns>
        </member>
        <member name="M:KasaGE.Dp25.OpenFiscalReceipt(System.String,System.String,KasaGE.Commands.ReceiptType)">
            <summary>
            Opens Fiscal Receipt
            </summary>
            <param name="opCode">Operator code</param>
            <param name="opPwd">Operator password</param>
            <param name="type">Receipt type</param>
            <returns>OpenFiscalReceiptResponse</returns>
        </member>
        <member name="M:KasaGE.Dp25.RegisterSale(System.String,System.Decimal,System.Decimal,KasaGE.Commands.TaxCode)">
            <summary>
            Adds new Item to open receipt
            </summary>
            <param name="pluName">Item name (up to 32 symbols)</param>
            <param name="price">Product price. With sign '-' at void operations; default = 1.00</param>
            <param name="quantity">Quantity of the product. default = 1.00</param>
            <param name="taxCode">Tax code: 1-A, 2-B, 3-C; </param>
            <returns>RegisterSaleResponse</returns>
        </member>
        <member name="M:KasaGE.Dp25.Total(KasaGE.Commands.PaymentMode)">
            <summary>
            Payments and calculation of the total sum
            </summary>
            <param name="paymentMode"> Type of payment. Default: 'Cash' </param>
            <returns>CalculateTotalResponse</returns>
        </member>
        <member name="M:KasaGE.Dp25.CloseFiscalReceipt">
            <summary>
             Closes open fiscal receipt.
            </summary>
            <returns>CloseFiscalReceiptResponse</returns>
        </member>
        <member name="M:KasaGE.Dp25.ReadError(System.String)">
            <summary>
            Reads an error code  explanation from ECR.
            </summary>
            <param name="errorCode">Code of the error</param>
            <returns>ReadErrorResponse</returns>
        </member>
        <member name="M:KasaGE.Dp25.PlaySound(System.Int32,System.Int32)">
            <summary>
            ECR beeps with given interval and frequency.
            </summary>
            <param name="frequency">in hertzes</param>
            <param name="interval">in milliseconds</param>
            <returns>EmptyFiscalResponse</returns>
        </member>
        <member name="M:KasaGE.Dp25.PrintReport(KasaGE.Commands.ReportType)">
            <summary>
            Prints X or Z Report and returns some stats.
            </summary>
            <param name="type">ReportType</param>
            <returns>PrintReportResponse</returns>
        </member>
        <member name="M:KasaGE.Dp25.VoidOpenFiscalReceipt">
            <summary>
            All void of a fiscal receipt. <br/>
            <bold>Note:The receipt will be closed as a non fiscal receipt. The slip number (unique number of the fiscal receipt) will not be increased.</bold>
            </summary>
            <returns>VoidOpenFiscalReceiptResponse</returns>
        </member>
        <member name="M:KasaGE.Dp25.GetLastFiscalEntryInfo(KasaGE.Commands.FiscalEntryInfoType)">
            <summary>
            Get the information on the last fiscal entry.
            </summary>
            <param name="type">FiscalEntryInfoType. Default: FiscalEntryInfoType.CashDebit</param>
            <returns>GetLastFiscalEntryInfoResponse</returns>
        </member>
        <member name="M:KasaGE.Dp25.CashInCashOutOperation(KasaGE.Commands.Cash,System.Decimal)">
            <summary>
            Cash in and Cash out operations
            </summary>
            <param name="operationType">Type of operation</param>
            <param name="amount">The sum</param>
            <returns>CashInCashOutResponse</returns>
        </member>
        <member name="M:KasaGE.Dp25.OpenDrawer(System.Int32)">
            <summary>
            Opens the cash drawer if such is connected.
            </summary>
            <param name="impulseLength"> The length of the impulse in milliseconds. </param>
            <returns>EmptyFiscalResponse</returns>
        </member>
        <member name="M:KasaGE.Dp25.SetDateTime(System.DateTime)">
            <summary>
            Sets date and time in ECR.
            </summary>
            <param name="dateTime">DateTime to set.</param>
            <returns>EmptyFiscalResponse</returns>
        </member>
        <member name="M:KasaGE.Dp25.ReadDateTime">
            <summary>
            Reads current date and time from ECR.
            </summary>
            <returns>ReadDateTimeResponse</returns>
        </member>
        <member name="P:KasaGE.Responses.CalculateTotalResponse.Status">
            <summary>
            "D" - when the paid sum is equal to the sum of the receipt. The residual sum due for payment (equal to 0) holds Amount property;
            "R" - when the paid sum is greater than the sum of the receipt. Amount property holds the Change; 
            </summary>
        </member>
        <member name="P:KasaGE.Responses.CalculateTotalResponse.Amount">
            <summary>
            The residual sum due for payment (equal to 0) or the change; 
            </summary>
        </member>
        <member name="P:KasaGE.Responses.CalculateTotalResponse.SlipNumber">
            <summary>
            Current slip number - unique number of the fiscal receipt
            </summary>
        </member>
        <member name="P:KasaGE.Responses.CashInCashOutResponse.CashSum">
            <summary>
            Cash in safe sum 
            </summary>
        </member>
        <member name="P:KasaGE.Responses.CashInCashOutResponse.CashIn">
            <summary>
            Total sum of cash in operations 
            </summary>
        </member>
        <member name="P:KasaGE.Responses.CashInCashOutResponse.CashOut">
            <summary>
            Total sum of cash out operations 
            </summary>
        </member>
        <member name="P:KasaGE.Responses.CloseFiscalReceiptResponse.SlipNumber">
            <summary>
            Current slip number - unique number of the fiscal receipt 
            </summary>
        </member>
        <member name="P:KasaGE.Responses.CloseFiscalReceiptResponse.SlipNumberOfThisType">
            <summary>
            Current slip number of this type: cash debit receipt or cash credit receipt or cashfree debit receipt or cashfree credit rceipt
            </summary>
        </member>
        <member name="P:KasaGE.Responses.GetLastFiscalEntryInfoResponse.nRep">
            <summary>
            Number of report (1-3800)
            </summary>
        </member>
        <member name="P:KasaGE.Responses.GetLastFiscalEntryInfoResponse.Sum">
            <summary>
            Turnover in receipts of type defined by FiscalEntryInfoType
            </summary>
        </member>
        <member name="P:KasaGE.Responses.GetLastFiscalEntryInfoResponse.Vat">
            <summary>
            Vat amount in receipts of type defined by FiscalEntryInfoType 
            </summary>
        </member>
        <member name="P:KasaGE.Responses.GetLastFiscalEntryInfoResponse.Date">
            <summary>
            Date of fiscal record 
            </summary>
        </member>
        <member name="P:KasaGE.Responses.PrintReportResponse.nRep">
            <summary>
            Number of Z-report 
            </summary>
        </member>
        <member name="P:KasaGE.Responses.PrintReportResponse.TotX">
            <summary>
            Turnovers of VAT group X in debit (cash and cashfree) receipts 
            </summary>
        </member>
        <member name="P:KasaGE.Responses.PrintReportResponse.TotNegX">
            <summary>
            Turnovers of VAT group X in credit (cash and cashfree) receipts 
            </summary>
        </member>
        <member name="P:KasaGE.Responses.ReadDateTimeResponse.DateTime">
            <summary>
            Current Date and time in ECR
            </summary>
        </member>
        <member name="P:KasaGE.Responses.ReadErrorResponse.Code">
            <summary>
            Code of the error, to be explained; 
            </summary>
        </member>
        <member name="P:KasaGE.Responses.ReadErrorResponse.ErrorMessage">
            <summary>
            Explanation of the error Code; 
            </summary>
        </member>
        <member name="P:KasaGE.Responses.RegisterSaleResponse.SlipNumber">
            <summary>
            Current slip number - unique number of the fiscal receipt
            </summary>
        </member>
        <member name="P:KasaGE.Responses.VoidOpenFiscalReceiptResponse.SlipNumber">
            <summary>
            Current slip number - unique number of the fiscal receipt
            </summary>
        </member>
        <member name="P:KasaGE.Responses.OpenFiscalReceiptResponse.SlipNumber">
            <summary>
            Current slip number - unique number of the fiscal receipt 
            </summary>
        </member>
    </members>
</doc>
